{
  "total_checks": 10807,
  "total_tickets_found": 2945,
  "unique_tickets_found": 26,
  "tickets_by_type": {
    "prato_a": 0,
    "prato_b": 0,
    "settore": 12,
    "other": 14
  },
  "purchases": 3,
  "blocks_encountered": 36,
  "all_time_runtime": 149880.95248031616,
  "sessions": [
    {
      "id": "20250625_090857",
      "start": "2025-06-25T09:08:57.642619",
      "duration": 109.92985415458679,
      "checks": 10807,
      "tickets_found": 26,
      "purchases": 3
    }
  ]
}