{
  "timestamp": "2025-06-08T16:37:53.380838",
  "results": {
    "without_pool": {
      "browser_launch_times": [
        0.07895827293395996,
        0.07179903984069824,
        0.0601351261138916,
        0.06489109992980957,
        0.056123971939086914,
        0.05782198905944824,
        0.05675768852233887,
        0.06306815147399902,
        0.08119702339172363,
        0.06337594985961914
      ],
      "scan_times": [
        1.0962440967559814,
        1.1069071292877197,
        1.1093742847442627,
        1.1228013038635254,
        1.286067247390747,
        1.0773749351501465,
        1.375450849533081,
        1.1121938228607178,
        1.092170000076294,
        1.0885581970214844
      ],
      "memory_usage": [
        3.21875,
        3.875,
        4.25,
        4.625,
        5.09375,
        5.40625,
        5.8125,
        6.15625,
        6.53125,
        6.875
      ],
      "total_time": 11.468491077423096
    },
    "with_pool": {
      "browser_launch_times": [
        0.0,
        0.0,
        0.0,
        0.0,
        0.0,
        0.0,
        0.0,
        0.0,
        0.0,
        0.0
      ],
      "scan_times": [
        1.1441919803619385,
        1.1660239696502686,
        1.1162338256835938,
        1.2062957286834717,
        1.1478500366210938,
        1.1215338706970215,
        1.1234099864959717,
        1.1301791667938232,
        1.1429150104522705,
        1.0861589908599854
      ],
      "memory_usage": [
        0.03125,
        0.03125,
        0.03125,
        0.03125,
        0.03125,
        0.03125,
        0.03125,
        0.03125,
        0.03125,
        0.09375
      ],
      "pool_acquisition_times": [
        0.2579038143157959,
        0.26558899879455566,
        0.2562899589538574,
        0.3215351104736328,
        0.24784612655639648,
        0.24350190162658691,
        0.26345396041870117,
        0.2506551742553711,
        0.23680615425109863,
        0.2388317584991455
      ],
      "total_time": 11.38576602935791,
      "pool_stats": {
        "browsers_created": 2,
        "browsers_recycled": 0,
        "pool_hits": 10,
        "pool_misses": 0,
        "health_checks": 0,
        "avg_acquisition_time": 0.2582242488861084,
        "total_acquisitions": 10,
        "pool_size": 2,
        "in_use": 0,
        "hit_rate": 100.0
      }
    },
    "improvements": {
      "total_time_reduction": 0.7213246058850611,
      "avg_scan_time_reduction": 0.7181327425954034,
      "browser_launch_overhead_eliminated": 0.6541283130645752,
      "memory_efficiency": 99.27667269439422,
      "consistency_improvement": 67.86621638718069
    }
  },
  "summary": {
    "performance_gain": "0.7%",
    "recommendation": "Browser pooling provides significant performance improvements"
  }
}